6885500,xpfmuo
722763,dxxnqj
3121822,zsvajo
5980421,pkcsd
4466656,kilfrm
2778274,yhua
6142785,rpuv
7326292,xyxzlk
2306233,tkysw
5294217,thdu
9901508,dnctrz
2872879,bgqh
5528125,agakr
9076151,mqtvqc
9377277,ycitf
2198463,ppuob
726385,eylx
5908178,lrsbu
445114,ndbpvj
5449196,ohqesa
875217,efsdpb
4047505,hwyk
5117581,hovbhl
3635909,cmeobv
8774274,xohac
4283507,iaqrz
2019650,zvdf
6385157,knjk
3468137,ujlpun
872107,ejll
9041461,kkjw
2253639,wlral
2884408,lwlz
3953861,qxcbcy
9669335,vdmohz
8527408,qqml
4133899,pijfj
7492505,afaca
9451271,lcrgs
2511929,tyoy
2466475,stwrw
2381886,tbnsdy
6397113,tqjhsk
254115,jgqlbk
6136427,torpp
3667814,jkootd
9235502,jfrblj
2988844,dqpko
3046772,enzhki
9859578,gamhj
9054726,asrn
954913,hplw
4872533,lntv
5486735,hxspp
725331,ytqmtf
6850813,xvxqs
7751225,wrwwsy
2479786,vxlkxg
5847120,bgsj
763895,owkdyn
9468900,ssuozl
1442102,vqeyz
9130818,jmjn
1030098,anmgtu
6039780,kncf
5018671,bfpx
770325,vzsqau
7259314,errewr
2589110,saph
9394375,iczbl
9094159,nmifwh
9058365,cjzxk
9687995,ilqvd
5951022,znqmt
6974116,qkbori
5507623,nkzfm
6541467,cssu
8864580,txre
3954095,ajwk
1162648,ggbg
3310909,zskpqw
1590112,qcckhg
1275989,kbmihn
3503812,wqskk
6083091,txcs
9434264,vner
5491720,jftd
7429729,upqr
1381165,ssol
2471320,uvxl
2784398,phob
9456574,uvopgv
216595,xgiupb
3606632,syyv
951408,vgjc
7243323,icvx
6831955,fqui
4988340,smhljv
1529847,knqo
3849322,ezdril
9754113,dxaja
2944229,sfcec
1886528,ekflnk
5488184,ormll
1665892,nubtu
8509092,xvwswt
8042226,txduvp
1693050,fefe
8115642,lheoyc
4821273,afbtz
5745016,ibur
2573668,wfbdsb
4564195,micw
2787125,ifkiwc
67729,tqmzvl
3665803,dmfhh
6885158,mygjm
1259609,qtug
3150761,kjqnz
8817114,dnag
6447367,fbowfz
297655,yzkqmf
6521974,vpxdtt
8589729,wephdm
258774,mraps
8288100,ntsacc
8719209,gclg
2264180,ojnpk
8259166,kasb
7161563,pztp
7892486,jpcs
1626164,ipqba
244868,qfzb
1240342,fyjd
3095563,xujwif
3474128,obte
4690101,pzjplu
651339,jdbivg
3040360,enzcap
1434160,cvxt
5179684,xnwk
4007439,jsipcl
2621055,zwjma
9190730,hvzjgm
4560259,fqlu
1105281,delhcp
5632993,vbggl
3926295,lebid
6110709,qfwtf
2622820,gscuq
7553064,hqzj
2751268,bztt
6660553,hjgb
4817496,cnwfzc
3986214,iojtwj
3464016,hqli
5241339,erjshv
9512810,rgraz
6182838,hhrli
8564229,bryu
6462556,cktzrx
5230251,ookpta
2342400,eirz
9033663,rfkd
202258,jblx
4898979,fpvwn
9228994,kjrocg
3445180,pucly
1041855,qjpncd
7131016,ydylm
8789933,ssoc
1744297,dlcrkm
9249195,cvaws
6550875,zzfw
1590972,flas
5678956,rhniop
1908439,juvb
8660687,ktau
435762,vvmzrd
2133270,zqvaw
4089762,jifpl
4664172,sdrjfo
2691361,mratg
538678,fddqr
5598474,gdvan
9640932,bnddef
8635846,enceo
6323501,mbyrrk
4666089,zmxcva
6022254,edda
4391338,wbge
8519902,cvjy
7966555,wwlysu
8315204,qtued
6042156,haxodq
1631073,rtjku
6283037,jyftk
2860474,yuhkk
2249450,jpcnzn
1409264,pztww
772290,abvz
81883,yfrw
7209493,vbcid
8337432,gobifb
278078,jlqg
796523,ywsxup
1860572,vckhf
6243722,fwji
8790739,jxle
8653345,pxps
1323144,zbtt
3156172,hucpzm
9759835,iasbcb
2836385,ripx
7510771,rnmfq
2541517,dcpoim
4015451,uwxsn
8308185,wjxj
4186851,vwjcaz
4526501,ifsy
107295,kxln
2593282,dxklno
5906013,piytf
4828101,dois
9345784,qfll
2327472,qpcp
453821,oucpij
7196366,pzrel
4992575,yvqoix
8247634,tmbd
8160828,ewzxj
328648,ezle
7494061,cbsw
9681960,irjd
5367234,zbmpp
1956555,rxvpk
8020486,dypfx
141234,mnlcym
67529,osdqz
5351926,iiqz
4956298,bgmt
9334521,nujyhl
3685426,mlhrkf
9221077,olet
2214830,inoth
7806668,yzxx
6436820,gvmvku
13412,nxnz
5421959,bwxh
4884453,fqmru
2371839,nhird
4605911,vcev
3245141,fdegeb
3785288,rrec
1079939,lmykfs
3086744,kdvhre
3992937,iwbio
593817,prmg
7127292,anmh
1781069,zjfo
8050018,hxftqf
8493352,uldxkk
8187660,inivz
1574160,bmumc
4852595,kdtsl
6381933,wfwuo
2837212,flnptz
1129118,qjxi
9062730,wkmzp
2242952,mfzl
3916993,ybppj
8211201,iehvk
3249473,tdluf
3705568,kwja
9141408,llrlxj
7659334,danxob
2255096,jgeoqy
7002350,rcsq
9167061,lnjxn
5243163,ctjw
3925061,fjeer
5964420,ijlc
9236478,isuse
234075,kyclq
1247300,ffegve
1560612,jncob
7540577,dvbp
826511,crzcf
2382994,qcxw
8196757,rpda
5362364,moijwk
842834,njveyj
7568934,iizal
2785888,stsbwh
3712715,hsttd
9393294,hapumn
429185,dvjjad
1171657,avty
2233351,vuwjl
1695507,yprl
2705210,uwcar
7746894,ncusj
753486,gunmn
7765096,qhuily
8067325,fsotw
2258578,yeuqxg
4310489,xnwiyb
3918646,spcwfg
9070534,yahk
4388726,dzij
2142133,wbrfpr
4043322,thxul
5978949,wmlqek
7109806,ukzv
6980087,hgks
4648144,tgcw
3252728,gvuf
5149949,ljgp
7426391,rwvll
2122648,mwts
3040439,tuomrc
5382614,uexa
9551471,xbtx
3301573,aawrqb
7533975,jprq
555068,jjgckh
8937196,egiko
4929861,dhhvq
959477,jjoqcp
2199851,rilssn
5037185,thcwv
7477658,pdngni
8436823,kdst
1007389,wjfbe
6420701,emnl
4423757,bmxsph
5493777,jmtn
1478267,ljggk
1753091,lblf
5109473,enzuzh
9631435,vxaiu
8543297,ujsqg
9796869,msofx
8709595,jkuc
3218061,jxxyx
4963600,wocgw
1129278,bmrvgp
4706537,vtcftu
8336721,kzgt
3025639,rwsmfv
3577815,loopy
5665385,uqgku
5439795,dxpit
3644988,nocyum
8327926,xrrar
2724082,qeonwy
8965085,vchx
7238275,vqxmu
490726,hxsmx
7532664,cgecp
8894345,ayxt
5073805,dubxum
4602546,aden
3983176,hjdawv
526674,sdfb
718413,ryeder
945074,vpnic
9099035,bafpv
4956934,hcagty
2173561,nosy
7624894,ypdefb
3582203,glavds
1457536,evdzja
2822217,efwplu
7380852,ofdi
7350844,hnvxz
2172337,rcbh
7997965,bmuw
2129892,qsxyax
129262,ztbi
5635673,grnr
4442527,oxkxq
4844470,irejmj
6882114,impxz
7173546,huvrj
9932900,wspsff
2279425,zdks
7456224,gkmh
6788513,tbzkub
6148971,ejaee
6721814,oehgbc
7033840,bpvci
6113732,hjdqlj
5332708,xmjs
3785453,yxjb
5220539,khmghh
8245567,urqd
1992940,nhgjpl
8382241,xmxiri
2349094,luahje
8201014,xekbzv
9746469,nciv
296095,nveyp
3007814,mygq
928955,vluq
5452654,qfuhop
5251989,llrbj
7703356,wmlyjo
7069564,lshf
442651,kbln
9840603,xualq
2334925,sojlgs
3366930,jkcq
6696834,bohlbk
6655401,hubmr
457712,bszjkf
4917903,wcedxo
551333,bqdeef
7323559,frfp
6849183,vrjil
3602708,gmhdbd
6626197,ulanql
9794040,pxusm
8653591,dnbz
650375,xhvuue
1746698,bvclrs
2475999,dvsgue
203046,gsxb
646432,wvpn
3485789,ossf
2093515,xqicg
5667592,ellfze
4877985,umcd
1989981,dhlk
5163169,vycs
5700150,cyzlb
6702462,ddzall
979409,brvumr
9341313,dybaf
2705197,noknf
4214644,ctydz
3297370,jwdq
3736773,ytah
8890003,rqlklm
3707213,fphyar
898142,lzbxjx
9557576,amkt
6004722,fqupb
7634401,cdklq
4848984,mfjo
6619200,rwpcdl
4411454,tzbd
8595072,tlwn
5748782,qmkkf
3411476,ehckc
660026,nwakh
7836260,tsrn
5544585,nzkmeo
6226617,xxiazi
3619961,ejuk
6108077,rrtle
3634341,ooki
6148988,tvqpws
5149640,bxdz
8180012,jlvk
185699,ygcz
3698516,mszrr
6897413,mqmt
4352869,xkune
2222128,filyt
1232934,txvd
7021696,dhxqu
3045150,jvvv
3447447,hfnyy
6872415,ulvve
2513489,xrciqx
2773466,tedd
6101136,erpcpk
1039689,cmgyfc
6725395,poky
6771260,shaw
8610190,uhmk
7940727,cmhar
2884310,zwad
2061974,hyvlvv
9799368,gdryfp
3261341,ebct
1746258,nmee
9161648,mmjvv
2965361,atoqoz
7671211,ypdab
5338779,dnoq
8364425,enmqqo
3699669,yzylf
4111038,vpyepu
504908,pfoz
2811921,qpynpq
3906686,wenxbp
6423713,easg
355365,jjvxue
8684723,hlbskt
1198118,bhnf
6486570,kwlj
8411276,peuam
4892576,rabqox
5675373,vcnk
5654208,fuwy
7980056,jwev
5882143,uahbk
7574347,ppoj
85710,heqqta
5823088,qmwy
8803659,dktbm
322641,svvj
8213123,pfph
3468128,afpvs
1943485,nrkv
7447453,roqh
8578595,tueaug
1839496,qubuuc
1603996,baxj
4539473,jvblz
1866262,otzag
8382593,gybi
5344449,vnypad
65182,griqhj
1481675,czxk
4187614,wegii
3534683,nqcrzi
3520182,ehpxuv
9103544,cqwid
5475184,kgth
8419291,nkxh
7985215,lioxfm
8880246,iommh
9008985,oekiv
3094089,sblmp
3082883,trjz
9746247,jfzzle
8919673,jsxz
1328262,mdxw
1327477,hsmm
9747320,dbcx
5269394,rkwt
6841178,wfefj
329954,sjqlr
7328511,vnlbev
3660942,kpgtx
8518527,lrwv
3834674,riourb
892083,fehk
9532552,yimi
7929678,szlm
8550425,knirkw
8580461,novl
7337969,mkjp
3733947,fhfpn
4815369,hizsi
4358245,drdxn
3025177,vsrgz
8335621,tnpqkb
9176530,ggndhe
281972,kugw
3070015,jchrr
2908231,tavgrs
5266679,rdyxsv
2396846,deldi
9362021,aikumw
9235794,iyryfh
9663453,kiopq
7649237,daiss
5871687,jgrsi
9959285,gstbgq
651832,ebdddk
5439088,mjnwzt
745579,dwcp
3887645,auzyp
1660181,uelldn
2663141,psschm
9796223,txgftg
3070562,wguxl
2745827,zfcwr
6139531,yuwtns
9560573,atze
7716055,qhmkks
3832327,avbgc
8391944,bfwpqh
1156767,hnfvo
9510474,jseq
1219995,pltrv
9078855,gmwqv
2944242,jyjbwv
1865743,czdu
7774894,vpbvn
9106528,gditci
244034,nsaqq
2169602,xttx
8399169,vylj
7830379,ejempb
2128431,sgzwxx
2577833,gkuo
919846,iidett
9835930,hmvtv
6249893,divn
2246969,jqghux
9359789,cwzw
30833,nrmrlr
3532300,dibus
5994857,arhiqu
3967885,zypt
1622524,hjav
9366296,zjjcjw
5807506,pcni
9615871,jbbhtl
2190614,bjvrns
9229682,bkvug
6864829,gyoqk
6448015,uiyvzt
8242605,qmyyg
6098033,mabs
3531515,dfmlzw
931406,tdziw
6635185,zayzum
6226289,bnacgo
4490154,ockpc
322021,oxuc
6854896,bkfadd
3844439,unfc
1193825,yiupd
7981331,jasw
8159642,qvzwe
8151980,mitw
6719870,rpvoy
8858696,zvnu
3176833,ynots
4461162,xakug
7103424,alqwyq
1857198,tetpm
7772747,dnsji
1140793,rsyn
6291699,pmxa
9781412,jhyjpv
8502254,uicvbw
339200,jivv
5720485,xygchj
6786245,obnwv
509768,nnqfv
280833,dxrbkl
3581066,xxobwf
8047686,sxaul
270647,doujn
3723127,synp
5018257,eqph
9031630,znxrlm
2628916,bmgvy
5957223,ryrrf
4548090,lswed
1308971,zjrcn
4188703,ragkfq
2205890,amsw
5558337,twnw
8562697,ftwvuh
2773499,wzllz
3984728,ecnf
8877520,xiguxv
7200499,fdca
2051775,pgista
4682478,zbjj
5889582,uekyav
4652442,evcsr
6799396,mclhsh
8043449,rpwsq
5188155,sgvq
4816857,xpvq
7218425,pzfpyv
3812695,vyota
4079635,jijq
2526963,dsia
9405971,bdsfst
3656350,dyfox
5365081,qitfm
8877986,gdqvs
9744973,flcncg
3028351,dkiqr
9961282,ckurjq
5734253,gfkr
671519,ubusd
5223993,wbewjg
4015968,cxgcrf
3011262,stihnm
3190937,arkpse
6677947,igrfk
7469880,nhzx
4596492,fpgbdi
9674621,ryffu
45840,dsblh
5755703,cvzrap
4949212,ansb
5827389,euiu
8409882,cqyz
2723287,ywjhwk
4226121,vaatae
4790226,upeeg
2310374,yzyx
2119186,bjlyt
6983706,gmgnu
6418175,bdasl
527266,vedcx
3468080,httpk
3115872,qxegic
2101752,jgrn
238922,inhach
9866949,xifmf
574966,nhzno
8852020,ailumw
3545893,sqtisr
3626553,zsikx
7132343,bcyb
1238169,vwoc
8112099,kfzkb
5419915,gurzmo
3148445,oggf
6472581,plrcvj
6221678,arkyy
7573806,gfhnku
8526055,nlygx
279860,kqyzzj
6590964,hkbb
9639530,huxc
4668593,akxcap
5784676,wryh
4574159,choup
585916,chqqj
2772346,ntwdm
1760030,raaebz
2360187,zsxcp
8854818,sybc
3342328,cyqg
3691391,zpji
1516121,bdqyj
1111643,dtciv
5392787,xzis
3009639,fcyzq
8264887,kyeasc
4622735,rlyb
4530646,mkkf
4204337,kvfyo
409122,thume
8367441,paesmj
2983073,vbpm
5623656,invlsx
3098742,jzhmfy
4320132,jsgmvp
626540,gpwnp
7733776,wvpgco
4944140,xzdgab
9247881,jnzpln
8374116,vobyiv
9997597,qdvcq
441716,faxdcz
3893231,srtg
7178138,daue
4319094,aoxgx
8243071,xpsp
4366167,vssgu
8848976,pdzd
5982562,svnhcv
9879378,ykvz
7169629,cmsq
655172,cdfx
3563276,vhxhh
3435564,lusd
6571381,rrljur
2864799,uaiaz
6806951,btxs
1108450,ygot
6455217,xlcw
6483968,rxzb
6471937,gude
5236502,lymzuj
4180932,zcqk
1257237,aloict
3790260,kzdd
3628861,ettah
9392137,iuig
6804102,svzpkc
2007712,fqcjcd
3457355,pydtb
5415397,ncoc
1640464,sjnga
3676865,tdac
7751410,mdic
1800305,lvyve
8129776,qvwdc
2355966,qnqxhk
9293543,aazoi
5618015,chxwu
5177263,dshls
8088120,apoh
9062341,zqtug
6815509,tgku
2562361,onsmb
1860655,gkpx
4709613,gjki
8205583,jnavq
7044821,mvdla
125046,pwnsjm
4849910,mvvrn
5692597,kcdyl
5101467,kzkqm
7781795,fucxh
7308756,etnjxq
1895505,zcpmxt
1747916,rrxl
4203103,djrlco
1483153,tqztmb
2485275,uybro
2155414,vnxzol
6339972,ffkcrt
6852749,bzjc
5088462,ddnc
1494786,acqp
8468361,nmypyf
3287221,jglc
2858772,qzytw
5526914,bseqyh
3349116,wktn
8399986,suht
9585101,kdoi
113699,wlpo
5177417,fznoc
2024856,hywxx
5739586,ediz
1253792,geolh
7588154,pypwez
2527922,vnmdd
6912948,ahav
3170301,mfqk
6101941,ynqds
3829582,fdivi
6906680,jsdm
1905705,nzicv
5512409,tothnj
9082558,jraumg
872515,tvxw
5707172,bwybi
2738913,wwdep
309430,vqyan
4339377,bueq
9147422,hjknk
576059,vbmdv
6428660,mnwiof
4856404,oxyrnf
117071,mmku
6691246,xhptm
8864983,mjphcf
1650620,baape
2908764,mdrzv
5488576,wgpp
969105,cttw
4817413,wfoowh
661035,xolpa
540437,wtlj
5762589,miwr
9447485,vjau
9663460,rabp
8199513,lxvqip
5331291,mguil
7601510,ebimc
4006639,udub
4295204,kjvojy
2726456,fprhj
9181277,vhwshp
5240783,wgbnd
2094287,tmceqp
139500,dnuxfz
1712948,rtrh
4919522,gfdpkh
467038,liok
3077037,ohdbpl
9280479,yqfups
5828288,pqvc
9307961,vhbpco
5228522,hgwfv
901714,kgcd
9962301,jgftn
8159770,uaqlp
968401,pujmgg
9520586,iekfio
3804677,tljvvm
1721166,tsccsr
6677689,eqalr
2520485,cemesq
3278134,btml
849429,fuus
2505344,xhaf
4296777,maqhiy
1809165,anca
1724757,jqfzer
3114447,lkahks
3753345,larzca
611643,jxwq
8182666,xnhk
6007590,pasudc
825586,vceq
6337741,qfti
8242042,mfnxxn
9378763,qozwzb
2355038,rwde
1437858,qwoc
707881,qkozrh
9747546,jped
2841563,ymax
6723332,skayd
8121653,vwrhw
8192176,wzcd
2783404,qnek
4669000,vqtlhd
6585721,tmqx
7943741,buzkrx
5606874,ypaad
7256910,kevf
1276143,kdfi
2897158,dgosv
8670856,rnze
2187100,jtjyc
7247148,spsjzr
2309698,tgvg
7700693,mbmot
7114328,dmoghn
6512474,zthqu
8118790,owhrxm
235742,blqop
6003198,mphi
7405461,uhvu
3745100,jalq
8421597,ospkzi
5439562,qito
1403403,osvn
2634677,nakp
9939619,xcvige
3665988,rudfln
5596564,dmhzaj
3928934,yguwdc
2962652,jjtx
8495163,olqfnb
2379171,xfzicu
8003328,bcrrqi
7695911,cakoiz
4017294,xheouc
9816251,mhxq
3660072,ugzp
8758063,gfjdlx
7775672,bgss
5031710,zgrnoo
7405285,fizmsu
7736328,cvqb
5149025,jnykg
2818808,bmwa
9095285,hrdk
5563817,mutm
6808698,mpyrp
2046269,lkpg
9371495,nsgqfb
2517205,qpsnu
1961574,fupaie
3211170,fgbx
5210911,razzv
8436611,rbftg
7013356,wxivbm
9234038,olytk
244239,cwovj
3468312,wtnh
1445886,ybiedf
5019309,bqjztb
654583,avvj
117448,exhzp
3399803,orwp
1062813,lkuzfs
4704866,gykf
6890755,mqpvl
6413436,bbuc
6775338,fsdxxy
7278327,glkgq
7783385,yqphdm
763679,ynor
3283791,wrxf
2821830,aabbz
3294406,uvji
4198463,vuxps
5698926,aqnhxh
5830180,hymkg
1529807,uaab
5170169,bvxxip
6231318,ekww
8479736,atcg
4275501,ovgv
185571,pccmpk
362780,agrjb
4792427,dxfzi
